id,domain,subdomain,full_url,asset_type,cdn_provider,http_status,status,technologies,notes
25,codachop.com,redeem.codashop.com,https://redeem.codashop.com,portal,AWS,0,investigating,,Gift/voucher redemption user portal
22,codashop.com,accounts.codashop.com,https://accounts.codashop.com,api,AWS ELB,0,investigating,,Auth and account user endpoint (accountUserEndpoint)
19,codashop.com,api-sg.codashop.com,https://api-sg.codashop.com/spring/api/graphql,api,AWS ELB / CloudFront,405,active,GraphQL,GraphQL API endpoint: POST only. CORS wildcard (*)
23,codashop.com,authentication.codashop.com,https://authentication.codashop.com,gateway,AWS ELB / Keycloak,0,investigating,Keycloak,Keycloak SSO authentication domain
27,codashop.com,cc-assets.codashop.com,https://cc-assets.codashop.com,cdn,CloudFront,200,active,"AWS CloudFront, Nuxt.js",Nuxt.js JS bundle CDN (cc-assets)
26,codashop.com,cdn1.codashop.com,https://cdn1.codashop.com,cdn,CloudFront,0,active,AWS CloudFront,"CDN for static assets, images and JS SDKs"
21,codashop.com,customers.codashop.com,https://customers.codashop.com,api,AWS ELB,404,active,,Account service API (accountService.url)
24,codashop.com,redemption-be.codashop.com,https://redemption-be.codashop.com/v3/voucher/redemption,api,AWS,0,investigating,,Voucher redemption backend endpoint
20,codashop.com,shopapi.codashop.com,https://shopapi.codashop.com,api,AWS ELB,403,protected,,Shop API Gateway (browserLeapEndpoint)
4,smart.com.ph,,https://smart.com.ph,web,Link11,247,active,"Link11 Anycast WAF, Akamai GHost",Parent corporate portal protected by Link11 Anycast reverse proxy (HTTP 247 response code)
9,smart.com.ph,accounts.smart.com.ph,https://accounts.smart.com.ph,gateway,Akamai,0,unresolvable,"Keycloak, OpenID Connect, OAuth2","Unified SSO identity provider across Smart, TNT, and PLDT properties"
6,smart.com.ph,api.smart.com.ph,https://api.smart.com.ph,api,Link11,472,active,Link11 Anycast WAF / Kong API Gateway,Central API gateway returning Link11 WAF HTTP 472 (Request Blocked) to untrusted queries
10,smart.com.ph,developer.smart.com.ph,https://developer.smart.com.ph,portal,Cloudflare,0,unresolvable,"Developer Hub, Swagger/OpenAPI docs",API documentation and partner integration developer center
7,smart.com.ph,gigalife.smart.com.ph,https://gigalife.smart.com.ph,api,Cloudflare / Akamai,0,unresolvable,"GraphQL, Node.js, Express, Redis",Smart GigaLife & TNT mobile app backend API
8,smart.com.ph,gigapay.smart.com.ph,https://gigapay.smart.com.ph,payment,Imperva,0,unresolvable,"PCI-DSS Environment, Maya Wallet Link, Java",Payment orchestration gateway for GigaLife wallet transactions
5,smart.com.ph,my.smart.com.ph,https://my.smart.com.ph,portal,Akamai,247,active,"OAuth 2.0, Angular, WebLogic",Subscriber Self-Care account management for Smart and TNT numbers
32,smart.com.ph,simreg.smart.com.ph,https://simreg.smart.com.ph,portal,Link11,200,active,"Web Form, Bootstrap",Official Unified SIM Registration portal for Smart & TNT subscribers
1,tntph.com,,https://tntph.com,web,Link11,200,active,"Microsoft ASP.NET 4.0, Citrix NetScaler ADC, Link11 Anycast WAF",Primary TNT brand portal fronted by Link11 DDoS guard and Citrix NetScaler ADC cluster
28,tntph.com,apps.tntph.com,https://apps.tntph.com,api,Link11,472,active,Link11 WAF,TNT Mobile Apps API gateway (Link11 protected)
29,tntph.com,assets.tntph.com,https://assets.tntph.com,cdn,Link11,403,active,Static Assets,TNT Static web assets repository
30,tntph.com,bal.tntph.com,https://bal.tntph.com,portal,Link11,247,active,Balance Inquiry,TNT Balance Inquiry portal
2,tntph.com,load.tntph.com,https://load.tntph.com,portal,Cloudflare,0,unresolvable,"Cloudflare, React, Node.js, Maya Gateway",Online e-load purchasing portal for Talk 'N Text subscribers
3,tntph.com,services.tntph.com,https://services.tntph.com,api,Cloudflare,0,unresolvable,"REST API, Spring Boot, Nginx",Backend service API for SIM registration and promo lookups
31,tntph.com,staging.tntph.com,https://staging.tntph.com,web,Link11,247,active,Staging Environment,Staging environment for TNT brand portal
